machine_number,machine_id,machine_name,flags,window_start,window_end,days_observed,total_big_hits,avg_big_hits,zero_days,one_or_less_days,min_big_hits,max_big_hits,daily_hits
0155,497,Ｐ北斗の拳強敵ＳＳＰＡ,,2026-09-10,2026-09-14,5,111,22.2,1,1,0,56,2026-09-10:9|2026-09-11:56|2026-09-12:0|2026-09-13:19|2026-09-14:27
0156,714,Ｐとある科学の超電磁砲ＦＳＢ－Ｖ,,2026-09-10,2026-09-14,5,86,17.2,0,0,6,42,2026-09-10:12|2026-09-11:15|2026-09-12:6|2026-09-13:42|2026-09-14:11
0157,1508,Ｐにゃんこ大戦争 らいとばーじょん,,2026-09-10,2026-09-14,5,105,21.0,0,1,1,37,2026-09-10:1|2026-09-11:37|2026-09-12:30|2026-09-13:14|2026-09-14:23
0158,1567,ＰＡフィーバークィーンⅡＹＳ,,2026-09-10,2026-09-14,5,43,8.6,0,0,3,13,2026-09-10:3|2026-09-11:10|2026-09-12:13|2026-09-13:8|2026-09-14:9
0159,1359,ＰＡ野生の王国６Ｎ２,,2026-09-10,2026-09-14,5,135,27.0,0,0,7,38,2026-09-10:7|2026-09-11:32|2026-09-12:23|2026-09-13:35|2026-09-14:38
0160,1356,ＰＡフィーバーからくりサーカス２ＹＦ,,2026-09-10,2026-09-14,5,65,13.0,0,1,1,24,2026-09-10:16|2026-09-11:12|2026-09-12:1|2026-09-13:12|2026-09-14:24
0161,730,Ｐ弾球黙示録カイジ沼５Ｖ２Ａ,,2026-09-10,2026-09-14,5,112,22.4,0,0,4,46,2026-09-10:4|2026-09-11:46|2026-09-12:16|2026-09-13:23|2026-09-14:23
0162,1294,Ｐ／Ｒｅ：ゼロ鬼がかりｖｅｒ／Ａ０３,,2026-09-10,2026-09-14,5,69,13.8,0,1,1,39,2026-09-10:9|2026-09-11:1|2026-09-12:13|2026-09-13:7|2026-09-14:39
0163,1227,Ｐルパン三世１４Ｌ０ＹＵ１,,2026-09-10,2026-09-14,5,217,43.4,0,0,5,130,2026-09-10:130|2026-09-11:12|2026-09-12:5|2026-09-13:37|2026-09-14:33
0164,1469,Ｐ戦国乙女７Ｌ０ＹＵ１,,2026-09-10,2026-09-14,5,69,13.8,0,0,5,23,2026-09-10:5|2026-09-11:17|2026-09-12:16|2026-09-13:23|2026-09-14:8
0165,1797,Ｐうしおととら~月と太陽~ＦＨ－ＲＳ,NEW,2026-09-10,2026-09-14,5,166,33.2,0,0,11,51,2026-09-10:51|2026-09-11:32|2026-09-12:11|2026-09-13:38|2026-09-14:34
0166,1779,ｅ／押忍番長漢の頂／Ａ０３,,2026-09-10,2026-09-14,5,143,28.6,0,0,4,75,2026-09-10:10|2026-09-11:4|2026-09-12:75|2026-09-13:39|2026-09-14:15
0167,1196,ＰＡアズールレーンＴＨＥ ＡＮＩＭＡＴＩＯＮ７９Ｖｅｒ,,2026-09-10,2026-09-14,5,163,32.6,0,0,4,95,2026-09-10:4|2026-09-11:6|2026-09-12:95|2026-09-13:22|2026-09-14:36
0168,1263,ＰＳＴＥＩＮＳ；ＧＡＴＥ０Ｎ３,,2026-09-10,2026-09-14,5,29,5.8,2,2,0,16,2026-09-10:5|2026-09-11:16|2026-09-12:0|2026-09-13:8|2026-09-14:0
0169,1607,Ｐ魔法少女まどか☆マギカ３ＭＡＪ１,,2026-09-10,2026-09-14,5,88,17.6,0,0,5,35,2026-09-10:11|2026-09-11:5|2026-09-12:19|2026-09-13:18|2026-09-14:35
0170,1608,ＰＡ花の慶次~傾奇一転Ｎ,,2026-09-10,2026-09-14,5,61,12.2,0,0,4,22,2026-09-10:22|2026-09-11:6|2026-09-12:18|2026-09-13:11|2026-09-14:4
0171,1780,ＰフィーバーブルーロックＹ,,2026-09-10,2026-09-14,5,49,9.8,0,2,1,19,2026-09-10:1|2026-09-11:19|2026-09-12:1|2026-09-13:17|2026-09-14:11
0172,1780,ＰフィーバーブルーロックＹ,,2026-09-10,2026-09-14,5,41,8.2,1,1,0,19,2026-09-10:13|2026-09-11:0|2026-09-12:6|2026-09-13:3|2026-09-14:19
0173,845,Ｐ花の慶次~裂Ｎ２－ＶＣ,,2026-09-10,2026-09-14,5,74,14.8,2,3,0,58,2026-09-10:15|2026-09-11:58|2026-09-12:0|2026-09-13:0|2026-09-14:1
0174,866,シン・エヴァンゲリオン １２９ ＬＴ ｖｅｒ．,,2026-09-10,2026-09-14,5,42,8.4,0,2,1,24,2026-09-10:1|2026-09-11:1|2026-09-12:3|2026-09-13:13|2026-09-14:24
0175,1343,Ｐラブ嬢３Ｌ２ＹＲ３,,2026-09-10,2026-09-14,5,65,13.0,0,0,3,35,2026-09-10:35|2026-09-11:10|2026-09-12:10|2026-09-13:3|2026-09-14:7
0176,1005,Ｐフィーバー機動戦士ガンダムユニコーン２,,2026-09-10,2026-09-14,5,35,7.0,0,2,1,22,2026-09-10:1|2026-09-11:3|2026-09-12:1|2026-09-13:22|2026-09-14:8
0177,562,Ｐフィーバー炎炎ノ消防隊ＹＲ,,2026-09-10,2026-09-14,5,23,4.6,3,3,0,21,2026-09-10:0|2026-09-11:0|2026-09-12:0|2026-09-13:2|2026-09-14:21
0178,1470,Ｐ Ｒｅ：ゼロから始めるｓｅａｓｏｎ２ Ａ１０,,2026-09-10,2026-09-14,5,73,14.6,0,0,10,18,2026-09-10:16|2026-09-11:17|2026-09-12:10|2026-09-13:12|2026-09-14:18
0179,452,Ｐ新世紀エヴァンゲリオン１５未来への咆哮Ｙ,,2026-09-10,2026-09-14,5,65,13.0,0,1,1,33,2026-09-10:2|2026-09-11:1|2026-09-12:11|2026-09-13:18|2026-09-14:33
0180,1414,Ｐゴジラ対エヴァンゲリオン２ＬＶ,,2026-09-10,2026-09-14,5,57,11.4,0,1,1,25,2026-09-10:6|2026-09-11:12|2026-09-12:13|2026-09-13:25|2026-09-14:1
0181,1619,Ｐ ＦＡＩＲＹ ＴＡＩＬ 超一夜Ｖｅｒ．ＦＱＹ,,2026-09-10,2026-09-14,5,8,1.6,0,2,1,2,2026-09-10:2|2026-09-11:1|2026-09-12:2|2026-09-13:2|2026-09-14:1
0182,1423,Ｐ閃乱カグラＬＴＮ－ＦＳ,,2026-09-10,2026-09-14,5,1,0.2,4,5,0,1,2026-09-10:0|2026-09-11:0|2026-09-12:0|2026-09-13:1|2026-09-14:0
0183,1620,Ｐ戦国乙女７Ｈ０ＹＺ３,,2026-09-10,2026-09-14,5,22,4.4,1,1,0,8,2026-09-10:4|2026-09-11:6|2026-09-12:0|2026-09-13:8|2026-09-14:4
0184,1620,Ｐ戦国乙女７Ｈ０ＹＺ３,,2026-09-10,2026-09-14,5,9,1.8,2,3,0,6,2026-09-10:0|2026-09-11:2|2026-09-12:1|2026-09-13:0|2026-09-14:6
0185,1707,Ｐ織田信奈の野望全国版Ｖ４Ａ,,2026-09-10,2026-09-14,5,13,2.6,2,2,0,6,2026-09-10:0|2026-09-11:0|2026-09-12:6|2026-09-13:2|2026-09-14:5
0186,1623,Ｐ沖ドキ！ＬＧ,,2026-09-10,2026-09-14,5,24,4.8,2,4,0,22,2026-09-10:0|2026-09-11:1|2026-09-12:22|2026-09-13:0|2026-09-14:1
0187,1622,Ｐうまい棒２Ｖ３,,2026-09-10,2026-09-14,5,24,4.8,1,1,0,8,2026-09-10:5|2026-09-11:5|2026-09-12:8|2026-09-13:6|2026-09-14:0
0188,1796,ＰＨはねものシャカＲＵＳＨ２,NEW,2026-09-10,2026-09-14,5,100,20.0,0,0,9,35,2026-09-10:9|2026-09-11:35|2026-09-12:31|2026-09-13:14|2026-09-14:11
0189,1609,ＰファインプレーＨ３,,2026-09-10,2026-09-14,5,74,14.8,0,0,5,35,2026-09-10:13|2026-09-11:35|2026-09-12:15|2026-09-13:6|2026-09-14:5
0190,1610,ＰハネモノファミリースタジアムＭＤ,,2026-09-10,2026-09-14,5,35,7.0,0,1,1,22,2026-09-10:3|2026-09-11:7|2026-09-12:1|2026-09-13:2|2026-09-14:22
0191,1611,ｅ化物語２ＧＳＥＤ,,2026-09-10,2026-09-14,5,19,3.8,0,1,1,10,2026-09-10:1|2026-09-11:4|2026-09-12:2|2026-09-13:10|2026-09-14:2
0192,710,ＰＡわんわんセレブレーションＡＧＢＤ,,2026-09-10,2026-09-14,5,90,18.0,0,0,8,39,2026-09-10:8|2026-09-11:11|2026-09-12:13|2026-09-13:19|2026-09-14:39
0193,1568,Ｐ戦国無双Ｎ,,2026-09-10,2026-09-14,5,20,4.0,0,1,1,8,2026-09-10:1|2026-09-11:8|2026-09-12:4|2026-09-13:3|2026-09-14:4
0194,1009,Ｐデジハネ北斗の拳慈母ＳＳＰＣ,,2026-09-10,2026-09-14,5,78,15.6,0,0,8,20,2026-09-10:8|2026-09-11:20|2026-09-12:16|2026-09-13:18|2026-09-14:16
0195,1799,ｅＡフィーバー炎炎ノ消防隊２Ｙ,NEW,2026-09-10,2026-09-14,5,162,32.4,0,0,24,49,2026-09-10:33|2026-09-11:49|2026-09-12:30|2026-09-13:26|2026-09-14:24
0196,711,Ｐ中森明菜・歌姫伝説愛ＫＤ－ＮＳ,,2026-09-10,2026-09-14,5,89,17.8,0,0,8,27,2026-09-10:18|2026-09-11:8|2026-09-12:27|2026-09-13:20|2026-09-14:16
0197,1430,ＰＡ乗物娘２Ｎ,,2026-09-10,2026-09-14,5,38,7.6,0,1,1,15,2026-09-10:6|2026-09-11:15|2026-09-12:12|2026-09-13:4|2026-09-14:1
0198,1431,Ｐ黄門ちゃま９ＡＤ２,,2026-09-10,2026-09-14,5,158,31.6,0,0,3,70,2026-09-10:70|2026-09-11:41|2026-09-12:11|2026-09-13:3|2026-09-14:33
0199,1341,ＰＡＣＹＢＯＲＧ００９Ｎ２－Ｋ,,2026-09-10,2026-09-14,5,48,9.6,1,3,0,35,2026-09-10:0|2026-09-11:1|2026-09-12:11|2026-09-13:35|2026-09-14:1
0200,1798,ＰＡ愛の不時着ＳＢ,NEW,2026-09-10,2026-09-14,5,92,18.4,0,0,6,34,2026-09-10:34|2026-09-11:26|2026-09-12:11|2026-09-13:6|2026-09-14:15
0201,495,ＰＡフィーバーパワフルＲ,,2026-09-10,2026-09-14,5,54,10.8,1,2,0,20,2026-09-10:0|2026-09-11:20|2026-09-12:1|2026-09-13:13|2026-09-14:20
0202,1490,Ｐえとたま２ＳＥ,,2026-09-10,2026-09-14,5,38,7.6,0,2,1,16,2026-09-10:1|2026-09-11:14|2026-09-12:1|2026-09-13:16|2026-09-14:6
0203,1229,Ｐスーパー海物語ＩＮ沖縄６ＬＴＰ,,2026-09-10,2026-09-14,5,47,9.4,1,1,0,16,2026-09-10:9|2026-09-11:6|2026-09-12:16|2026-09-13:16|2026-09-14:0
0204,1229,Ｐスーパー海物語ＩＮ沖縄６ＬＴＰ,,2026-09-10,2026-09-14,5,55,11.0,0,1,1,27,2026-09-10:6|2026-09-11:13|2026-09-12:8|2026-09-13:1|2026-09-14:27
0205,1229,Ｐスーパー海物語ＩＮ沖縄６ＬＴＰ,,2026-09-10,2026-09-14,5,42,8.4,0,0,4,12,2026-09-10:12|2026-09-11:7|2026-09-12:10|2026-09-13:9|2026-09-14:4
0206,1229,Ｐスーパー海物語ＩＮ沖縄６ＬＴＰ,,2026-09-10,2026-09-14,5,36,7.2,1,1,0,13,2026-09-10:0|2026-09-11:2|2026-09-12:13|2026-09-13:11|2026-09-14:10
0207,1229,Ｐスーパー海物語ＩＮ沖縄６ＬＴＰ,,2026-09-10,2026-09-14,5,31,6.2,1,1,0,15,2026-09-10:0|2026-09-11:3|2026-09-12:5|2026-09-13:15|2026-09-14:8
0208,1229,Ｐスーパー海物語ＩＮ沖縄６ＬＴＰ,,2026-09-10,2026-09-14,5,37,7.4,1,1,0,24,2026-09-10:4|2026-09-11:7|2026-09-12:2|2026-09-13:0|2026-09-14:24
0209,1229,Ｐスーパー海物語ＩＮ沖縄６ＬＴＰ,,2026-09-10,2026-09-14,5,47,9.4,0,0,4,17,2026-09-10:5|2026-09-11:4|2026-09-12:10|2026-09-13:17|2026-09-14:11
0210,1229,Ｐスーパー海物語ＩＮ沖縄６ＬＴＰ,,2026-09-10,2026-09-14,5,52,10.4,0,0,5,21,2026-09-10:5|2026-09-11:5|2026-09-12:21|2026-09-13:8|2026-09-14:13
0211,1229,Ｐスーパー海物語ＩＮ沖縄６ＬＴＰ,,2026-09-10,2026-09-14,5,17,3.4,2,2,0,8,2026-09-10:0|2026-09-11:0|2026-09-12:5|2026-09-13:8|2026-09-14:4
0212,1229,Ｐスーパー海物語ＩＮ沖縄６ＬＴＰ,,2026-09-10,2026-09-14,5,28,5.6,2,2,0,13,2026-09-10:0|2026-09-11:10|2026-09-12:0|2026-09-13:5|2026-09-14:13
0213,1229,Ｐスーパー海物語ＩＮ沖縄６ＬＴＰ,,2026-09-10,2026-09-14,5,41,8.2,2,2,0,20,2026-09-10:3|2026-09-11:0|2026-09-12:20|2026-09-13:0|2026-09-14:18
0214,1229,Ｐスーパー海物語ＩＮ沖縄６ＬＴＰ,,2026-09-10,2026-09-14,5,30,6.0,0,2,1,17,2026-09-10:5|2026-09-11:1|2026-09-12:6|2026-09-13:1|2026-09-14:17
0215,1229,Ｐスーパー海物語ＩＮ沖縄６ＬＴＰ,,2026-09-10,2026-09-14,5,55,11.0,0,0,2,22,2026-09-10:7|2026-09-11:2|2026-09-12:3|2026-09-13:22|2026-09-14:21
0216,1229,Ｐスーパー海物語ＩＮ沖縄６ＬＴＰ,,2026-09-10,2026-09-14,5,59,11.8,1,1,0,35,2026-09-10:5|2026-09-11:8|2026-09-12:35|2026-09-13:0|2026-09-14:11
0217,904,ＰＡ大海物語５ＨＬＤ,,2026-09-10,2026-09-14,5,86,17.2,0,0,7,24,2026-09-10:7|2026-09-11:22|2026-09-12:12|2026-09-13:24|2026-09-14:21
0218,904,ＰＡ大海物語５ＨＬＤ,,2026-09-10,2026-09-14,5,73,14.6,1,2,0,30,2026-09-10:21|2026-09-11:1|2026-09-12:30|2026-09-13:0|2026-09-14:21
0219,904,ＰＡ大海物語５ＨＬＤ,,2026-09-10,2026-09-14,5,102,20.4,1,1,0,41,2026-09-10:13|2026-09-11:31|2026-09-12:0|2026-09-13:41|2026-09-14:17
0220,904,ＰＡ大海物語５ＨＬＤ,,2026-09-10,2026-09-14,5,35,7.0,0,0,2,20,2026-09-10:5|2026-09-11:2|2026-09-12:20|2026-09-13:6|2026-09-14:2
0221,102,ＰＡ大海物語５ＡＲＢＣ,,2026-09-10,2026-09-14,5,46,9.2,0,1,1,18,2026-09-10:15|2026-09-11:1|2026-09-12:18|2026-09-13:5|2026-09-14:7
0222,102,ＰＡ大海物語５ＡＲＢＣ,,2026-09-10,2026-09-14,5,54,10.8,0,1,1,27,2026-09-10:13|2026-09-11:27|2026-09-12:1|2026-09-13:4|2026-09-14:9
0223,102,ＰＡ大海物語５ＡＲＢＣ,,2026-09-10,2026-09-14,5,71,14.2,1,1,0,37,2026-09-10:3|2026-09-11:24|2026-09-12:0|2026-09-13:7|2026-09-14:37
0224,102,ＰＡ大海物語５ＡＲＢＣ,,2026-09-10,2026-09-14,5,55,11.0,0,0,3,20,2026-09-10:16|2026-09-11:3|2026-09-12:20|2026-09-13:4|2026-09-14:12
0225,102,ＰＡ大海物語５ＡＲＢＣ,,2026-09-10,2026-09-14,5,51,10.2,1,1,0,27,2026-09-10:27|2026-09-11:0|2026-09-12:10|2026-09-13:10|2026-09-14:4
0226,1802,ＰＡ大海物語アグネスプレミアＲＢＡ,NEW,2026-09-10,2026-09-14,5,235,47.0,0,0,35,68,2026-09-10:50|2026-09-11:35|2026-09-12:68|2026-09-13:45|2026-09-14:37
0227,1355,ＰＡ海物語極ジャパンＨＢＤ,,2026-09-10,2026-09-14,5,35,7.0,1,1,0,15,2026-09-10:4|2026-09-11:15|2026-09-12:0|2026-09-13:12|2026-09-14:4
0228,97,Ｐ大海物語４スペシャルＳＣＡ,,2026-09-10,2026-09-14,5,72,14.4,0,0,9,23,2026-09-10:20|2026-09-11:11|2026-09-12:9|2026-09-13:23|2026-09-14:9
0229,403,Ｐ大海物語５ＨＣＬ,,2026-09-10,2026-09-14,5,44,8.8,0,0,4,17,2026-09-10:6|2026-09-11:17|2026-09-12:8|2026-09-13:4|2026-09-14:9
0230,1612,ＰＡスーパー海物語ＩＮ沖縄６ＲＢＤ,,2026-09-10,2026-09-14,5,60,12.0,0,0,3,21,2026-09-10:3|2026-09-11:10|2026-09-12:15|2026-09-13:11|2026-09-14:21
0231,1612,ＰＡスーパー海物語ＩＮ沖縄６ＲＢＤ,,2026-09-10,2026-09-14,5,86,17.2,1,1,0,45,2026-09-10:0|2026-09-11:13|2026-09-12:6|2026-09-13:45|2026-09-14:22
0232,1612,ＰＡスーパー海物語ＩＮ沖縄６ＲＢＤ,,2026-09-10,2026-09-14,5,41,8.2,0,0,2,15,2026-09-10:2|2026-09-11:8|2026-09-12:10|2026-09-13:15|2026-09-14:6
0233,1560,Ｐ大海物語５ＭＴＥ２,,2026-09-10,2026-09-14,5,57,11.4,2,2,0,39,2026-09-10:0|2026-09-11:11|2026-09-12:0|2026-09-13:39|2026-09-14:7
0234,1560,Ｐ大海物語５ＭＴＥ２,,2026-09-10,2026-09-14,5,32,6.4,1,2,0,14,2026-09-10:11|2026-09-11:6|2026-09-12:0|2026-09-13:1|2026-09-14:14
0235,1560,Ｐ大海物語５ＭＴＥ２,,2026-09-10,2026-09-14,5,16,3.2,2,3,0,13,2026-09-10:0|2026-09-11:0|2026-09-12:2|2026-09-13:13|2026-09-14:1
0236,1560,Ｐ大海物語５ＭＴＥ２,,2026-09-10,2026-09-14,5,20,4.0,2,3,0,17,2026-09-10:2|2026-09-11:0|2026-09-12:0|2026-09-13:1|2026-09-14:17
0237,1560,Ｐ大海物語５ＭＴＥ２,,2026-09-10,2026-09-14,5,32,6.4,0,1,1,22,2026-09-10:2|2026-09-11:2|2026-09-12:1|2026-09-13:5|2026-09-14:22
0238,1560,Ｐ大海物語５ＭＴＥ２,,2026-09-10,2026-09-14,5,29,5.8,0,1,1,18,2026-09-10:4|2026-09-11:1|2026-09-12:2|2026-09-13:4|2026-09-14:18
0239,1229,Ｐスーパー海物語ＩＮ沖縄６ＬＴＰ,,2026-09-10,2026-09-14,5,41,8.2,1,1,0,22,2026-09-10:0|2026-09-11:7|2026-09-12:4|2026-09-13:8|2026-09-14:22
0240,1229,Ｐスーパー海物語ＩＮ沖縄６ＬＴＰ,,2026-09-10,2026-09-14,5,29,5.8,2,3,0,20,2026-09-10:0|2026-09-11:8|2026-09-12:1|2026-09-13:20|2026-09-14:0
0241,1229,Ｐスーパー海物語ＩＮ沖縄６ＬＴＰ,,2026-09-10,2026-09-14,5,36,7.2,0,0,5,10,2026-09-10:6|2026-09-11:7|2026-09-12:5|2026-09-13:10|2026-09-14:8
0242,1229,Ｐスーパー海物語ＩＮ沖縄６ＬＴＰ,,2026-09-10,2026-09-14,5,28,5.6,1,1,0,15,2026-09-10:3|2026-09-11:15|2026-09-12:0|2026-09-13:8|2026-09-14:2
0243,1229,Ｐスーパー海物語ＩＮ沖縄６ＬＴＰ,,2026-09-10,2026-09-14,5,43,8.6,0,1,1,24,2026-09-10:1|2026-09-11:3|2026-09-12:24|2026-09-13:6|2026-09-14:9
0244,1229,Ｐスーパー海物語ＩＮ沖縄６ＬＴＰ,,2026-09-10,2026-09-14,5,38,7.6,2,2,0,24,2026-09-10:0|2026-09-11:9|2026-09-12:0|2026-09-13:5|2026-09-14:24
0245,1229,Ｐスーパー海物語ＩＮ沖縄６ＬＴＰ,,2026-09-10,2026-09-14,5,57,11.4,2,2,0,28,2026-09-10:0|2026-09-11:10|2026-09-12:0|2026-09-13:19|2026-09-14:28
0246,1229,Ｐスーパー海物語ＩＮ沖縄６ＬＴＰ,,2026-09-10,2026-09-14,5,91,18.2,0,0,6,39,2026-09-10:6|2026-09-11:22|2026-09-12:8|2026-09-13:16|2026-09-14:39
0247,1229,Ｐスーパー海物語ＩＮ沖縄６ＬＴＰ,,2026-09-10,2026-09-14,5,51,10.2,3,3,0,35,2026-09-10:0|2026-09-11:0|2026-09-12:16|2026-09-13:0|2026-09-14:35
0248,1229,Ｐスーパー海物語ＩＮ沖縄６ＬＴＰ,,2026-09-10,2026-09-14,5,57,11.4,0,0,2,20,2026-09-10:7|2026-09-11:8|2026-09-12:2|2026-09-13:20|2026-09-14:20
0249,1229,Ｐスーパー海物語ＩＮ沖縄６ＬＴＰ,,2026-09-10,2026-09-14,5,26,5.2,1,1,0,18,2026-09-10:0|2026-09-11:2|2026-09-12:3|2026-09-13:3|2026-09-14:18
0250,1229,Ｐスーパー海物語ＩＮ沖縄６ＬＴＰ,,2026-09-10,2026-09-14,5,52,10.4,0,0,4,30,2026-09-10:7|2026-09-11:5|2026-09-12:4|2026-09-13:30|2026-09-14:6
0251,1229,Ｐスーパー海物語ＩＮ沖縄６ＬＴＰ,,2026-09-10,2026-09-14,5,56,11.2,1,2,0,24,2026-09-10:0|2026-09-11:13|2026-09-12:1|2026-09-13:24|2026-09-14:18
0252,1229,Ｐスーパー海物語ＩＮ沖縄６ＬＴＰ,,2026-09-10,2026-09-14,5,64,12.8,0,0,4,27,2026-09-10:9|2026-09-11:4|2026-09-12:9|2026-09-13:27|2026-09-14:15
0253,818,ｅソードアート・オンライン~閃光の軌跡~Ｋ７,,2026-09-10,2026-09-14,5,7,1.4,2,3,0,4,2026-09-10:0|2026-09-11:2|2026-09-12:0|2026-09-13:1|2026-09-14:4
0254,818,ｅソードアート・オンライン~閃光の軌跡~Ｋ７,,2026-09-10,2026-09-14,5,18,3.6,3,3,0,13,2026-09-10:13|2026-09-11:0|2026-09-12:5|2026-09-13:0|2026-09-14:0
0255,818,ｅソードアート・オンライン~閃光の軌跡~Ｋ７,,2026-09-10,2026-09-14,5,1,0.2,4,5,0,1,2026-09-10:0|2026-09-11:0|2026-09-12:0|2026-09-13:1|2026-09-14:0
0256,818,ｅソードアート・オンライン~閃光の軌跡~Ｋ７,,2026-09-10,2026-09-14,5,4,0.8,1,5,0,1,2026-09-10:1|2026-09-11:1|2026-09-12:0|2026-09-13:1|2026-09-14:1
0257,818,ｅソードアート・オンライン~閃光の軌跡~Ｋ７,,2026-09-10,2026-09-14,5,33,6.6,0,1,1,18,2026-09-10:6|2026-09-11:4|2026-09-12:4|2026-09-13:1|2026-09-14:18
0258,818,ｅソードアート・オンライン~閃光の軌跡~Ｋ７,,2026-09-10,2026-09-14,5,8,1.6,3,4,0,7,2026-09-10:7|2026-09-11:1|2026-09-12:0|2026-09-13:0|2026-09-14:0
0259,818,ｅソードアート・オンライン~閃光の軌跡~Ｋ７,,2026-09-10,2026-09-14,5,19,3.8,3,4,0,18,2026-09-10:18|2026-09-11:1|2026-09-12:0|2026-09-13:0|2026-09-14:0
0260,818,ｅソードアート・オンライン~閃光の軌跡~Ｋ７,,2026-09-10,2026-09-14,5,46,9.2,1,2,0,23,2026-09-10:15|2026-09-11:1|2026-09-12:7|2026-09-13:23|2026-09-14:0
0261,818,ｅソードアート・オンライン~閃光の軌跡~Ｋ７,,2026-09-10,2026-09-14,5,11,2.2,2,2,0,5,2026-09-10:2|2026-09-11:5|2026-09-12:4|2026-09-13:0|2026-09-14:0
0262,1737,ｅソードアート・オンライン アリシゼーションＹＫＪ１１,,2026-09-10,2026-09-14,5,146,29.2,0,0,10,39,2026-09-10:30|2026-09-11:39|2026-09-12:32|2026-09-13:10|2026-09-14:35
0263,1737,ｅソードアート・オンライン アリシゼーションＹＫＪ１１,,2026-09-10,2026-09-14,5,70,14.0,0,1,1,24,2026-09-10:1|2026-09-11:18|2026-09-12:10|2026-09-13:17|2026-09-14:24
0264,1737,ｅソードアート・オンライン アリシゼーションＹＫＪ１１,,2026-09-10,2026-09-14,5,84,16.8,0,0,7,25,2026-09-10:15|2026-09-11:25|2026-09-12:7|2026-09-13:22|2026-09-14:15
0265,1737,ｅソードアート・オンライン アリシゼーションＹＫＪ１１,,2026-09-10,2026-09-14,5,62,12.4,0,0,5,23,2026-09-10:5|2026-09-11:10|2026-09-12:23|2026-09-13:7|2026-09-14:17
0266,1737,ｅソードアート・オンライン アリシゼーションＹＫＪ１１,,2026-09-10,2026-09-14,5,135,27.0,0,0,12,39,2026-09-10:39|2026-09-11:31|2026-09-12:12|2026-09-13:39|2026-09-14:14
0267,956,ｅ東京喰種Ｗ,オススメ,2026-09-10,2026-09-14,5,90,18.0,0,0,11,30,2026-09-10:12|2026-09-11:20|2026-09-12:17|2026-09-13:11|2026-09-14:30
0268,956,ｅ東京喰種Ｗ,オススメ,2026-09-10,2026-09-14,5,53,10.6,0,0,2,21,2026-09-10:2|2026-09-11:9|2026-09-12:8|2026-09-13:21|2026-09-14:13
0269,956,ｅ東京喰種Ｗ,オススメ,2026-09-10,2026-09-14,5,42,8.4,0,0,4,14,2026-09-10:4|2026-09-11:14|2026-09-12:5|2026-09-13:8|2026-09-14:11
0270,956,ｅ東京喰種Ｗ,オススメ,2026-09-10,2026-09-14,5,47,9.4,1,1,0,14,2026-09-10:0|2026-09-11:14|2026-09-12:6|2026-09-13:13|2026-09-14:14
0271,956,ｅ東京喰種Ｗ,オススメ,2026-09-10,2026-09-14,5,37,7.4,1,1,0,17,2026-09-10:0|2026-09-11:4|2026-09-12:2|2026-09-13:14|2026-09-14:17
0272,956,ｅ東京喰種Ｗ,オススメ,2026-09-10,2026-09-14,5,54,10.8,1,1,0,28,2026-09-10:0|2026-09-11:5|2026-09-12:14|2026-09-13:7|2026-09-14:28
0273,956,ｅ東京喰種Ｗ,オススメ,2026-09-10,2026-09-14,5,75,15.0,1,1,0,33,2026-09-10:0|2026-09-11:10|2026-09-12:15|2026-09-13:17|2026-09-14:33
0274,956,ｅ東京喰種Ｗ,オススメ,2026-09-10,2026-09-14,5,62,12.4,0,0,3,30,2026-09-10:9|2026-09-11:9|2026-09-12:3|2026-09-13:11|2026-09-14:30
0275,956,ｅ東京喰種Ｗ,オススメ,2026-09-10,2026-09-14,5,22,4.4,1,1,0,7,2026-09-10:0|2026-09-11:6|2026-09-12:6|2026-09-13:7|2026-09-14:3
0276,956,ｅ東京喰種Ｗ,オススメ,2026-09-10,2026-09-14,5,65,13.0,1,1,0,22,2026-09-10:0|2026-09-11:22|2026-09-12:18|2026-09-13:12|2026-09-14:13
0277,956,ｅ東京喰種Ｗ,オススメ,2026-09-10,2026-09-14,5,90,18.0,0,0,8,28,2026-09-10:20|2026-09-11:18|2026-09-12:8|2026-09-13:16|2026-09-14:28
0278,956,ｅ東京喰種Ｗ,オススメ,2026-09-10,2026-09-14,5,80,16.0,0,0,8,22,2026-09-10:16|2026-09-11:8|2026-09-12:13|2026-09-13:21|2026-09-14:22
0279,956,ｅ東京喰種Ｗ,オススメ,2026-09-10,2026-09-14,5,59,11.8,0,0,3,22,2026-09-10:16|2026-09-11:3|2026-09-12:14|2026-09-13:4|2026-09-14:22
0280,956,ｅ東京喰種Ｗ,オススメ,2026-09-10,2026-09-14,5,21,4.2,0,1,1,6,2026-09-10:1|2026-09-11:6|2026-09-12:2|2026-09-13:6|2026-09-14:6
0281,956,ｅ東京喰種Ｗ,オススメ,2026-09-10,2026-09-14,5,47,9.4,1,2,0,28,2026-09-10:1|2026-09-11:0|2026-09-12:5|2026-09-13:28|2026-09-14:13
0282,956,ｅ東京喰種Ｗ,オススメ,2026-09-10,2026-09-14,5,55,11.0,0,0,4,19,2026-09-10:19|2026-09-11:7|2026-09-12:14|2026-09-13:4|2026-09-14:11
0283,956,ｅ東京喰種Ｗ,オススメ,2026-09-10,2026-09-14,5,46,9.2,0,1,1,14,2026-09-10:1|2026-09-11:7|2026-09-12:14|2026-09-13:14|2026-09-14:10
0284,956,ｅ東京喰種Ｗ,オススメ,2026-09-10,2026-09-14,5,57,11.4,1,1,0,25,2026-09-10:0|2026-09-11:4|2026-09-12:12|2026-09-13:16|2026-09-14:25
0285,956,ｅ東京喰種Ｗ,オススメ,2026-09-10,2026-09-14,5,54,10.8,0,0,2,21,2026-09-10:5|2026-09-11:21|2026-09-12:14|2026-09-13:2|2026-09-14:12
0286,956,ｅ東京喰種Ｗ,オススメ,2026-09-10,2026-09-14,5,60,12.0,1,2,0,27,2026-09-10:0|2026-09-11:1|2026-09-12:7|2026-09-13:27|2026-09-14:25
0287,956,ｅ東京喰種Ｗ,オススメ,2026-09-10,2026-09-14,5,53,10.6,0,0,2,16,2026-09-10:2|2026-09-11:16|2026-09-12:9|2026-09-13:11|2026-09-14:15
0288,956,ｅ東京喰種Ｗ,オススメ,2026-09-10,2026-09-14,5,61,12.2,0,0,4,23,2026-09-10:4|2026-09-11:12|2026-09-12:15|2026-09-13:7|2026-09-14:23
0289,956,ｅ東京喰種Ｗ,オススメ,2026-09-10,2026-09-14,5,53,10.6,0,1,1,29,2026-09-10:1|2026-09-11:11|2026-09-12:6|2026-09-13:6|2026-09-14:29
0290,956,ｅ東京喰種Ｗ,オススメ,2026-09-10,2026-09-14,5,80,16.0,0,0,6,29,2026-09-10:6|2026-09-11:18|2026-09-12:11|2026-09-13:16|2026-09-14:29
0291,1737,ｅソードアート・オンライン アリシゼーションＹＫＪ１１,,2026-09-10,2026-09-14,5,127,25.4,0,0,12,51,2026-09-10:29|2026-09-11:51|2026-09-12:12|2026-09-13:17|2026-09-14:18
0292,1737,ｅソードアート・オンライン アリシゼーションＹＫＪ１１,,2026-09-10,2026-09-14,5,140,28.0,0,0,8,47,2026-09-10:8|2026-09-11:36|2026-09-12:11|2026-09-13:47|2026-09-14:38
0293,1737,ｅソードアート・オンライン アリシゼーションＹＫＪ１１,,2026-09-10,2026-09-14,5,76,15.2,0,0,7,24,2026-09-10:7|2026-09-11:24|2026-09-12:10|2026-09-13:23|2026-09-14:12
0294,1737,ｅソードアート・オンライン アリシゼーションＹＫＪ１１,,2026-09-10,2026-09-14,5,77,15.4,0,0,9,21,2026-09-10:17|2026-09-11:10|2026-09-12:9|2026-09-13:21|2026-09-14:20
0295,1737,ｅソードアート・オンライン アリシゼーションＹＫＪ１１,,2026-09-10,2026-09-14,5,112,22.4,0,0,13,36,2026-09-10:36|2026-09-11:21|2026-09-12:18|2026-09-13:24|2026-09-14:13
0296,233,ｅぱちんこソードアート・オンラインＫ１２,,2026-09-10,2026-09-14,5,0,0.0,5,5,0,0,2026-09-10:0|2026-09-11:0|2026-09-12:0|2026-09-13:0|2026-09-14:0
0297,233,ｅぱちんこソードアート・オンラインＫ１２,,2026-09-10,2026-09-14,5,15,3.0,4,4,0,15,2026-09-10:0|2026-09-11:0|2026-09-12:0|2026-09-13:15|2026-09-14:0
0298,233,ｅぱちんこソードアート・オンラインＫ１２,,2026-09-10,2026-09-14,5,4,0.8,4,4,0,4,2026-09-10:0|2026-09-11:0|2026-09-12:0|2026-09-13:0|2026-09-14:4
0299,233,ｅぱちんこソードアート・オンラインＫ１２,,2026-09-10,2026-09-14,5,0,0.0,5,5,0,0,2026-09-10:0|2026-09-11:0|2026-09-12:0|2026-09-13:0|2026-09-14:0
0300,233,ｅぱちんこソードアート・オンラインＫ１２,,2026-09-10,2026-09-14,5,1,0.2,4,5,0,1,2026-09-10:0|2026-09-11:1|2026-09-12:0|2026-09-13:0|2026-09-14:0
0301,233,ｅぱちんこソードアート・オンラインＫ１２,,2026-09-10,2026-09-14,5,0,0.0,5,5,0,0,2026-09-10:0|2026-09-11:0|2026-09-12:0|2026-09-13:0|2026-09-14:0
0302,233,ｅぱちんこソードアート・オンラインＫ１２,,2026-09-10,2026-09-14,5,18,3.6,3,3,0,12,2026-09-10:0|2026-09-11:6|2026-09-12:0|2026-09-13:12|2026-09-14:0
0303,233,ｅぱちんこソードアート・オンラインＫ１２,,2026-09-10,2026-09-14,5,28,5.6,4,4,0,28,2026-09-10:0|2026-09-11:0|2026-09-12:0|2026-09-13:28|2026-09-14:0
0304,233,ｅぱちんこソードアート・オンラインＫ１２,,2026-09-10,2026-09-14,5,7,1.4,3,4,0,6,2026-09-10:0|2026-09-11:1|2026-09-12:0|2026-09-13:6|2026-09-14:0
0305,1740,ｅ七つの大罪３ＧＦＥＡ,,2026-09-10,2026-09-14,5,24,4.8,0,0,2,7,2026-09-10:6|2026-09-11:4|2026-09-12:5|2026-09-13:2|2026-09-14:7
0306,1740,ｅ七つの大罪３ＧＦＥＡ,,2026-09-10,2026-09-14,5,21,4.2,1,1,0,10,2026-09-10:3|2026-09-11:4|2026-09-12:10|2026-09-13:4|2026-09-14:0
0307,1705,ｅとある魔術の禁書目録 最狂ＲＲＡ,,2026-09-10,2026-09-14,5,34,6.8,0,1,1,17,2026-09-10:2|2026-09-11:17|2026-09-12:1|2026-09-13:11|2026-09-14:3
0308,1705,ｅとある魔術の禁書目録 最狂ＲＲＡ,,2026-09-10,2026-09-14,5,39,7.8,1,1,0,15,2026-09-10:0|2026-09-11:9|2026-09-12:7|2026-09-13:15|2026-09-14:8
0309,1503,ｅリコリス・リコイルＭ３,,2026-09-10,2026-09-14,5,105,21.0,0,0,5,39,2026-09-10:25|2026-09-11:9|2026-09-12:5|2026-09-13:27|2026-09-14:39
0310,1503,ｅリコリス・リコイルＭ３,,2026-09-10,2026-09-14,5,71,14.2,1,1,0,36,2026-09-10:29|2026-09-11:3|2026-09-12:0|2026-09-13:36|2026-09-14:3
0311,1503,ｅリコリス・リコイルＭ３,,2026-09-10,2026-09-14,5,84,16.8,0,0,3,33,2026-09-10:25|2026-09-11:33|2026-09-12:15|2026-09-13:3|2026-09-14:8
0312,1503,ｅリコリス・リコイルＭ３,,2026-09-10,2026-09-14,5,67,13.4,1,1,0,27,2026-09-10:3|2026-09-11:25|2026-09-12:12|2026-09-13:0|2026-09-14:27
0313,1503,ｅリコリス・リコイルＭ３,,2026-09-10,2026-09-14,5,70,14.0,2,2,0,36,2026-09-10:16|2026-09-11:18|2026-09-12:0|2026-09-13:36|2026-09-14:0
0314,1561,ｅひきこまり吸血姫の悶々ＦＨＶ,,2026-09-10,2026-09-14,5,9,1.8,2,2,0,4,2026-09-10:2|2026-09-11:4|2026-09-12:3|2026-09-13:0|2026-09-14:0
0315,1561,ｅひきこまり吸血姫の悶々ＦＨＶ,,2026-09-10,2026-09-14,5,20,4.0,0,1,1,6,2026-09-10:2|2026-09-11:1|2026-09-12:6|2026-09-13:6|2026-09-14:5
0316,1561,ｅひきこまり吸血姫の悶々ＦＨＶ,,2026-09-10,2026-09-14,5,54,10.8,0,2,1,28,2026-09-10:28|2026-09-11:1|2026-09-12:22|2026-09-13:2|2026-09-14:1
0317,1561,ｅひきこまり吸血姫の悶々ＦＨＶ,,2026-09-10,2026-09-14,5,31,6.2,0,1,1,12,2026-09-10:7|2026-09-11:7|2026-09-12:1|2026-09-13:12|2026-09-14:4
0318,1561,ｅひきこまり吸血姫の悶々ＦＨＶ,,2026-09-10,2026-09-14,5,29,5.8,0,1,1,12,2026-09-10:12|2026-09-11:9|2026-09-12:4|2026-09-13:3|2026-09-14:1
0319,1165,ｅ牙狼１２ＸＸ－ＭＪ,増台,2026-09-10,2026-09-14,5,75,15.0,1,1,0,57,2026-09-10:5|2026-09-11:57|2026-09-12:0|2026-09-13:2|2026-09-14:11
0320,1165,ｅ牙狼１２ＸＸ－ＭＪ,増台,2026-09-10,2026-09-14,5,71,14.2,1,2,0,44,2026-09-10:22|2026-09-11:1|2026-09-12:44|2026-09-13:0|2026-09-14:4
0321,1165,ｅ牙狼１２ＸＸ－ＭＪ,増台,2026-09-10,2026-09-14,5,84,16.8,0,1,1,51,2026-09-10:14|2026-09-11:1|2026-09-12:2|2026-09-13:16|2026-09-14:51
0322,1165,ｅ牙狼１２ＸＸ－ＭＪ,増台,2026-09-10,2026-09-14,5,62,12.4,0,0,2,29,2026-09-10:2|2026-09-11:2|2026-09-12:9|2026-09-13:29|2026-09-14:20
0323,1165,ｅ牙狼１２ＸＸ－ＭＪ,増台,2026-09-10,2026-09-14,5,59,11.8,0,0,4,28,2026-09-10:28|2026-09-11:7|2026-09-12:4|2026-09-13:16|2026-09-14:4
0324,1165,ｅ牙狼１２ＸＸ－ＭＪ,増台,2026-09-10,2026-09-14,5,75,15.0,0,0,3,31,2026-09-10:20|2026-09-11:6|2026-09-12:3|2026-09-13:31|2026-09-14:15
0325,1165,ｅ牙狼１２ＸＸ－ＭＪ,増台,2026-09-10,2026-09-14,5,32,6.4,0,1,1,23,2026-09-10:2|2026-09-11:1|2026-09-12:3|2026-09-13:3|2026-09-14:23
0326,1165,ｅ牙狼１２ＸＸ－ＭＪ,増台,2026-09-10,2026-09-14,5,108,21.6,1,2,0,57,2026-09-10:0|2026-09-11:57|2026-09-12:1|2026-09-13:19|2026-09-14:31
0327,1165,ｅ牙狼１２ＸＸ－ＭＪ,増台,2026-09-10,2026-09-14,5,43,8.6,0,2,1,29,2026-09-10:1|2026-09-11:2|2026-09-12:29|2026-09-13:10|2026-09-14:1
0328,1739,ｅエデンズゼロＡＩＮ,,2026-09-10,2026-09-14,5,1,0.2,4,5,0,1,2026-09-10:0|2026-09-11:0|2026-09-12:1|2026-09-13:0|2026-09-14:0
0329,1739,ｅエデンズゼロＡＩＮ,,2026-09-10,2026-09-14,5,7,1.4,2,4,0,5,2026-09-10:0|2026-09-11:1|2026-09-12:1|2026-09-13:5|2026-09-14:0
0330,1615,ｅフィーバーデッドマウント・デスプレイＴ,,2026-09-10,2026-09-14,5,9,1.8,3,4,0,8,2026-09-10:0|2026-09-11:0|2026-09-12:1|2026-09-13:0|2026-09-14:8
0331,1615,ｅフィーバーデッドマウント・デスプレイＴ,,2026-09-10,2026-09-14,5,34,6.8,0,1,1,15,2026-09-10:10|2026-09-11:15|2026-09-12:2|2026-09-13:1|2026-09-14:6
0332,1703,ｅ結城友奈は勇者であるＭＰ,,2026-09-10,2026-09-14,5,20,4.0,1,1,0,8,2026-09-10:4|2026-09-11:8|2026-09-12:6|2026-09-13:2|2026-09-14:0
0333,1703,ｅ結城友奈は勇者であるＭＰ,,2026-09-10,2026-09-14,5,11,2.2,3,3,0,9,2026-09-10:0|2026-09-11:9|2026-09-12:0|2026-09-13:2|2026-09-14:0
0334,1580,ｅバイオハザード６ＡＰＮ,,2026-09-10,2026-09-14,5,19,3.8,3,4,0,18,2026-09-10:18|2026-09-11:0|2026-09-12:0|2026-09-13:1|2026-09-14:0
0335,1580,ｅバイオハザード６ＡＰＮ,,2026-09-10,2026-09-14,5,36,7.2,1,3,0,27,2026-09-10:1|2026-09-11:0|2026-09-12:7|2026-09-13:27|2026-09-14:1
0336,1165,ｅ牙狼１２ＸＸ－ＭＪ,増台,2026-09-10,2026-09-14,5,28,5.6,1,2,0,14,2026-09-10:0|2026-09-11:4|2026-09-12:9|2026-09-13:1|2026-09-14:14
0337,1165,ｅ牙狼１２ＸＸ－ＭＪ,増台,2026-09-10,2026-09-14,5,70,14.0,0,1,1,33,2026-09-10:9|2026-09-11:14|2026-09-12:1|2026-09-13:13|2026-09-14:33
0338,1165,ｅ牙狼１２ＸＸ－ＭＪ,増台,2026-09-10,2026-09-14,5,94,18.8,0,0,2,39,2026-09-10:7|2026-09-11:39|2026-09-12:2|2026-09-13:22|2026-09-14:24
0339,1165,ｅ牙狼１２ＸＸ－ＭＪ,増台,2026-09-10,2026-09-14,5,52,10.4,0,0,3,33,2026-09-10:4|2026-09-11:9|2026-09-12:33|2026-09-13:3|2026-09-14:3
0340,1165,ｅ牙狼１２ＸＸ－ＭＪ,増台,2026-09-10,2026-09-14,5,49,9.8,1,1,0,19,2026-09-10:0|2026-09-11:5|2026-09-12:19|2026-09-13:13|2026-09-14:12
0341,1165,ｅ牙狼１２ＸＸ－ＭＪ,増台,2026-09-10,2026-09-14,5,54,10.8,0,1,1,42,2026-09-10:4|2026-09-11:42|2026-09-12:1|2026-09-13:2|2026-09-14:5
0342,1165,ｅ牙狼１２ＸＸ－ＭＪ,増台,2026-09-10,2026-09-14,5,25,5.0,1,1,0,16,2026-09-10:4|2026-09-11:0|2026-09-12:3|2026-09-13:16|2026-09-14:2
0343,1165,ｅ牙狼１２ＸＸ－ＭＪ,増台,2026-09-10,2026-09-14,5,45,9.0,0,1,1,16,2026-09-10:2|2026-09-11:1|2026-09-12:13|2026-09-13:13|2026-09-14:16
0344,1165,ｅ牙狼１２ＸＸ－ＭＪ,増台,2026-09-10,2026-09-14,5,53,10.6,0,0,3,19,2026-09-10:19|2026-09-11:5|2026-09-12:3|2026-09-13:16|2026-09-14:10
0345,1188,ｅ女神のカフェテラスＪＬＺ,,2026-09-10,2026-09-14,5,24,4.8,1,2,0,10,2026-09-10:0|2026-09-11:5|2026-09-12:10|2026-09-13:1|2026-09-14:8
0346,1188,ｅ女神のカフェテラスＪＬＺ,,2026-09-10,2026-09-14,5,42,8.4,1,1,0,31,2026-09-10:3|2026-09-11:4|2026-09-12:4|2026-09-13:31|2026-09-14:0
0347,1188,ｅ女神のカフェテラスＪＬＺ,,2026-09-10,2026-09-14,5,21,4.2,1,2,0,15,2026-09-10:0|2026-09-11:2|2026-09-12:3|2026-09-13:15|2026-09-14:1
0348,1188,ｅ女神のカフェテラスＪＬＺ,,2026-09-10,2026-09-14,5,33,6.6,2,2,0,15,2026-09-10:5|2026-09-11:15|2026-09-12:0|2026-09-13:13|2026-09-14:0
0349,1188,ｅ女神のカフェテラスＪＬＺ,,2026-09-10,2026-09-14,5,7,1.4,3,3,0,5,2026-09-10:0|2026-09-11:0|2026-09-12:2|2026-09-13:5|2026-09-14:0
0350,1614,ｅ東京喰種ＭＷ,,2026-09-10,2026-09-14,5,74,14.8,0,0,10,20,2026-09-10:17|2026-09-11:20|2026-09-12:10|2026-09-13:16|2026-09-14:11
0351,1614,ｅ東京喰種ＭＷ,,2026-09-10,2026-09-14,5,41,8.2,0,1,1,17,2026-09-10:17|2026-09-11:14|2026-09-12:5|2026-09-13:1|2026-09-14:4
0352,1614,ｅ東京喰種ＭＷ,,2026-09-10,2026-09-14,5,61,12.2,0,0,5,22,2026-09-10:12|2026-09-11:11|2026-09-12:11|2026-09-13:22|2026-09-14:5
0353,1614,ｅ東京喰種ＭＷ,,2026-09-10,2026-09-14,5,68,13.6,0,0,5,29,2026-09-10:12|2026-09-11:5|2026-09-12:9|2026-09-13:29|2026-09-14:13
0354,1614,ｅ東京喰種ＭＷ,,2026-09-10,2026-09-14,5,43,8.6,0,0,2,18,2026-09-10:6|2026-09-11:5|2026-09-12:2|2026-09-13:18|2026-09-14:12
0355,1614,ｅ東京喰種ＭＷ,,2026-09-10,2026-09-14,5,57,11.4,0,0,5,20,2026-09-10:20|2026-09-11:5|2026-09-12:10|2026-09-13:6|2026-09-14:16
0356,1704,ｅ東京リベンジャーズ聖夜決戦編ＥＲＥＣ,,2026-09-10,2026-09-14,5,39,7.8,3,3,0,36,2026-09-10:0|2026-09-11:36|2026-09-12:0|2026-09-13:0|2026-09-14:3
0357,1704,ｅ東京リベンジャーズ聖夜決戦編ＥＲＥＣ,,2026-09-10,2026-09-14,5,5,1.0,2,3,0,2,2026-09-10:2|2026-09-11:1|2026-09-12:0|2026-09-13:0|2026-09-14:2
0358,1704,ｅ東京リベンジャーズ聖夜決戦編ＥＲＥＣ,,2026-09-10,2026-09-14,5,16,3.2,2,2,0,8,2026-09-10:0|2026-09-11:6|2026-09-12:0|2026-09-13:8|2026-09-14:2
0359,538,ＰバイオハザードＲＥ２Ｌ９ＹＺ４,,2026-09-10,2026-09-14,5,18,3.6,1,3,0,14,2026-09-10:1|2026-09-11:2|2026-09-12:0|2026-09-13:1|2026-09-14:14
0360,414,ＰＣＹＢＯＲＧ００９Ｓ３－Ｋ,,2026-09-10,2026-09-14,5,13,2.6,3,3,0,9,2026-09-10:9|2026-09-11:0|2026-09-12:0|2026-09-13:0|2026-09-14:4
0361,1630,ＰフィーバーうたわれるものＺ,,2026-09-10,2026-09-14,5,49,9.8,2,3,0,35,2026-09-10:0|2026-09-11:0|2026-09-12:13|2026-09-13:35|2026-09-14:1
0362,1631,Ｐ魔法少女まどか☆マギカ３ＬＭ３,,2026-09-10,2026-09-14,5,16,3.2,1,2,0,6,2026-09-10:1|2026-09-11:4|2026-09-12:0|2026-09-13:6|2026-09-14:5
0363,127,Ｐフィーバー戦姫絶唱シンフォギア 黄金絶唱Ｎ,,2026-09-10,2026-09-14,5,56,11.2,2,4,0,54,2026-09-10:1|2026-09-11:0|2026-09-12:0|2026-09-13:54|2026-09-14:1
0364,1632,Ｐ／Ｒｅ：ゼロ鬼がかりｖｅｒ／Ｌ０７,,2026-09-10,2026-09-14,5,19,3.8,0,1,1,10,2026-09-10:3|2026-09-11:3|2026-09-12:2|2026-09-13:10|2026-09-14:1
0365,993,Ｐ弾球黙示録カイジ沼５Ｖ１Ｕ,,2026-09-10,2026-09-14,5,15,3.0,4,4,0,15,2026-09-10:0|2026-09-11:0|2026-09-12:0|2026-09-13:0|2026-09-14:15
0366,764,Ｐとある魔術の禁書目録２ＪＭＺ,,2026-09-10,2026-09-14,5,23,4.6,1,1,0,8,2026-09-10:5|2026-09-11:0|2026-09-12:3|2026-09-13:7|2026-09-14:8
0367,1635,Ｐシン・エヴァンゲリオンＸ,,2026-09-10,2026-09-14,5,16,3.2,3,3,0,9,2026-09-10:9|2026-09-11:0|2026-09-12:0|2026-09-13:7|2026-09-14:0
0368,104,Ｐ新世紀エヴァンゲリオン１５ 未来への咆哮,,2026-09-10,2026-09-14,5,26,5.2,1,2,0,16,2026-09-10:3|2026-09-11:16|2026-09-12:0|2026-09-13:1|2026-09-14:6
0369,104,Ｐ新世紀エヴァンゲリオン１５ 未来への咆哮,,2026-09-10,2026-09-14,5,39,7.8,1,2,0,14,2026-09-10:14|2026-09-11:0|2026-09-12:12|2026-09-13:1|2026-09-14:12
0370,104,Ｐ新世紀エヴァンゲリオン１５ 未来への咆哮,,2026-09-10,2026-09-14,5,22,4.4,1,1,0,8,2026-09-10:4|2026-09-11:4|2026-09-12:0|2026-09-13:6|2026-09-14:8
0371,104,Ｐ新世紀エヴァンゲリオン１５ 未来への咆哮,,2026-09-10,2026-09-14,5,27,5.4,0,2,1,13,2026-09-10:1|2026-09-11:1|2026-09-12:2|2026-09-13:13|2026-09-14:10
0372,1700,ｅ無職転生~異世界行ったら本気だす,,2026-09-10,2026-09-14,5,35,7.0,1,1,0,19,2026-09-10:3|2026-09-11:19|2026-09-12:0|2026-09-13:7|2026-09-14:6
0373,1700,ｅ無職転生~異世界行ったら本気だす,,2026-09-10,2026-09-14,5,53,10.6,1,1,0,26,2026-09-10:2|2026-09-11:11|2026-09-12:14|2026-09-13:26|2026-09-14:0
0374,1700,ｅ無職転生~異世界行ったら本気だす,,2026-09-10,2026-09-14,5,65,13.0,1,2,0,27,2026-09-10:1|2026-09-11:13|2026-09-12:0|2026-09-13:27|2026-09-14:24
0375,1700,ｅ無職転生~異世界行ったら本気だす,,2026-09-10,2026-09-14,5,24,4.8,1,3,0,11,2026-09-10:1|2026-09-11:1|2026-09-12:0|2026-09-13:11|2026-09-14:11
0376,1804,ｅアサルトリリィＺ,NEW,2026-09-10,2026-09-14,5,71,14.2,0,0,8,21,2026-09-10:16|2026-09-11:21|2026-09-12:8|2026-09-13:8|2026-09-14:18
0377,1804,ｅアサルトリリィＺ,NEW,2026-09-10,2026-09-14,5,75,15.0,0,0,5,31,2026-09-10:31|2026-09-11:8|2026-09-12:11|2026-09-13:20|2026-09-14:5
0378,1804,ｅアサルトリリィＺ,NEW,2026-09-10,2026-09-14,5,40,8.0,0,0,4,13,2026-09-10:13|2026-09-11:8|2026-09-12:4|2026-09-13:5|2026-09-14:10
0379,1804,ｅアサルトリリィＺ,NEW,2026-09-10,2026-09-14,5,73,14.6,0,0,4,26,2026-09-10:26|2026-09-11:4|2026-09-12:4|2026-09-13:24|2026-09-14:15
0380,1804,ｅアサルトリリィＺ,NEW,2026-09-10,2026-09-14,5,74,14.8,0,0,5,39,2026-09-10:39|2026-09-11:8|2026-09-12:5|2026-09-13:10|2026-09-14:12
0381,1527,ｅフィーバーキン肉マン,,2026-09-10,2026-09-14,5,29,5.8,3,3,0,21,2026-09-10:0|2026-09-11:21|2026-09-12:0|2026-09-13:8|2026-09-14:0
0382,1527,ｅフィーバーキン肉マン,,2026-09-10,2026-09-14,5,25,5.0,2,2,0,11,2026-09-10:11|2026-09-11:0|2026-09-12:3|2026-09-13:0|2026-09-14:11
0383,1527,ｅフィーバーキン肉マン,,2026-09-10,2026-09-14,5,6,1.2,3,4,0,5,2026-09-10:0|2026-09-11:0|2026-09-12:0|2026-09-13:5|2026-09-14:1
0384,1527,ｅフィーバーキン肉マン,,2026-09-10,2026-09-14,5,23,4.6,2,2,0,11,2026-09-10:0|2026-09-11:9|2026-09-12:0|2026-09-13:11|2026-09-14:3
0385,1738,ｅフィーバー機動戦士ガンダムＳＥＥＤ２ｂＦ,,2026-09-10,2026-09-14,5,55,11.0,0,1,1,37,2026-09-10:1|2026-09-11:6|2026-09-12:9|2026-09-13:2|2026-09-14:37
0386,1738,ｅフィーバー機動戦士ガンダムＳＥＥＤ２ｂＦ,,2026-09-10,2026-09-14,5,44,8.8,2,2,0,27,2026-09-10:0|2026-09-11:27|2026-09-12:0|2026-09-13:5|2026-09-14:12
0387,1738,ｅフィーバー機動戦士ガンダムＳＥＥＤ２ｂＦ,,2026-09-10,2026-09-14,5,50,10.0,2,2,0,27,2026-09-10:19|2026-09-11:4|2026-09-12:27|2026-09-13:0|2026-09-14:0
0388,1738,ｅフィーバー機動戦士ガンダムＳＥＥＤ２ｂＦ,,2026-09-10,2026-09-14,5,37,7.4,0,3,1,29,2026-09-10:5|2026-09-11:1|2026-09-12:1|2026-09-13:1|2026-09-14:29
0389,1738,ｅフィーバー機動戦士ガンダムＳＥＥＤ２ｂＦ,,2026-09-10,2026-09-14,5,36,7.2,0,1,1,15,2026-09-10:6|2026-09-11:12|2026-09-12:2|2026-09-13:15|2026-09-14:1
0390,1738,ｅフィーバー機動戦士ガンダムＳＥＥＤ２ｂＦ,,2026-09-10,2026-09-14,5,70,14.0,1,1,0,28,2026-09-10:27|2026-09-11:3|2026-09-12:12|2026-09-13:0|2026-09-14:28
0391,1738,ｅフィーバー機動戦士ガンダムＳＥＥＤ２ｂＦ,,2026-09-10,2026-09-14,5,60,12.0,0,0,2,31,2026-09-10:2|2026-09-11:31|2026-09-12:13|2026-09-13:3|2026-09-14:11
0392,1738,ｅフィーバー機動戦士ガンダムＳＥＥＤ２ｂＦ,,2026-09-10,2026-09-14,5,31,6.2,1,1,0,16,2026-09-10:2|2026-09-11:11|2026-09-12:0|2026-09-13:16|2026-09-14:2
0393,1738,ｅフィーバー機動戦士ガンダムＳＥＥＤ２ｂＦ,,2026-09-10,2026-09-14,5,37,7.4,2,3,0,33,2026-09-10:0|2026-09-11:3|2026-09-12:1|2026-09-13:0|2026-09-14:33
0394,1738,ｅフィーバー機動戦士ガンダムＳＥＥＤ２ｂＦ,,2026-09-10,2026-09-14,5,20,4.0,2,3,0,17,2026-09-10:0|2026-09-11:1|2026-09-12:0|2026-09-13:2|2026-09-14:17
0395,1738,ｅフィーバー機動戦士ガンダムＳＥＥＤ２ｂＦ,,2026-09-10,2026-09-14,5,30,6.0,1,2,0,14,2026-09-10:3|2026-09-11:1|2026-09-12:14|2026-09-13:0|2026-09-14:12
0396,1738,ｅフィーバー機動戦士ガンダムＳＥＥＤ２ｂＦ,,2026-09-10,2026-09-14,5,49,9.8,1,2,0,34,2026-09-10:0|2026-09-11:12|2026-09-12:1|2026-09-13:34|2026-09-14:2
0397,1738,ｅフィーバー機動戦士ガンダムＳＥＥＤ２ｂＦ,,2026-09-10,2026-09-14,5,61,12.2,0,0,2,32,2026-09-10:14|2026-09-11:2|2026-09-12:32|2026-09-13:9|2026-09-14:4
0398,1702,ｅ必殺仕事人ⅥＭ２,,2026-09-10,2026-09-14,5,37,7.4,1,1,0,12,2026-09-10:0|2026-09-11:7|2026-09-12:12|2026-09-13:8|2026-09-14:10
0399,1702,ｅ必殺仕事人ⅥＭ２,,2026-09-10,2026-09-14,5,25,5.0,0,2,1,18,2026-09-10:3|2026-09-11:1|2026-09-12:2|2026-09-13:18|2026-09-14:1
0400,1702,ｅ必殺仕事人ⅥＭ２,,2026-09-10,2026-09-14,5,35,7.0,1,2,0,13,2026-09-10:13|2026-09-11:11|2026-09-12:0|2026-09-13:1|2026-09-14:10
0401,1353,ｅ北斗の拳１１暴凶星ＳＨＥＦ,,2026-09-10,2026-09-14,5,8,1.6,2,2,0,4,2026-09-10:0|2026-09-11:4|2026-09-12:2|2026-09-13:0|2026-09-14:2
0402,1353,ｅ北斗の拳１１暴凶星ＳＨＥＦ,,2026-09-10,2026-09-14,5,46,9.2,0,1,1,16,2026-09-10:8|2026-09-11:9|2026-09-12:16|2026-09-13:12|2026-09-14:1
0403,1353,ｅ北斗の拳１１暴凶星ＳＨＥＦ,,2026-09-10,2026-09-14,5,41,8.2,1,1,0,24,2026-09-10:0|2026-09-11:8|2026-09-12:24|2026-09-13:6|2026-09-14:3
0404,1353,ｅ北斗の拳１１暴凶星ＳＨＥＦ,,2026-09-10,2026-09-14,5,18,3.6,2,4,0,16,2026-09-10:0|2026-09-11:16|2026-09-12:0|2026-09-13:1|2026-09-14:1
0405,1397,ｅ新世紀エヴァンゲリオン１７,,2026-09-10,2026-09-14,5,58,11.6,0,0,6,16,2026-09-10:6|2026-09-11:13|2026-09-12:9|2026-09-13:14|2026-09-14:16
0406,1397,ｅ新世紀エヴァンゲリオン１７,,2026-09-10,2026-09-14,5,48,9.6,1,2,0,19,2026-09-10:13|2026-09-11:15|2026-09-12:1|2026-09-13:19|2026-09-14:0
0407,1397,ｅ新世紀エヴァンゲリオン１７,,2026-09-10,2026-09-14,5,40,8.0,0,0,2,19,2026-09-10:9|2026-09-11:2|2026-09-12:7|2026-09-13:19|2026-09-14:3
0408,1397,ｅ新世紀エヴァンゲリオン１７,,2026-09-10,2026-09-14,5,34,6.8,1,1,0,23,2026-09-10:0|2026-09-11:2|2026-09-12:7|2026-09-13:2|2026-09-14:23
0409,1397,ｅ新世紀エヴァンゲリオン１７,,2026-09-10,2026-09-14,5,26,5.2,1,2,0,11,2026-09-10:1|2026-09-11:5|2026-09-12:0|2026-09-13:11|2026-09-14:9
0410,1397,ｅ新世紀エヴァンゲリオン１７,,2026-09-10,2026-09-14,5,29,5.8,0,0,3,12,2026-09-10:7|2026-09-11:4|2026-09-12:12|2026-09-13:3|2026-09-14:3
0411,1397,ｅ新世紀エヴァンゲリオン１７,,2026-09-10,2026-09-14,5,62,12.4,0,0,5,25,2026-09-10:10|2026-09-11:9|2026-09-12:25|2026-09-13:5|2026-09-14:13
0426,1505,ｅ転生したらスライムだった件２ＭＦ,,2026-09-10,2026-09-14,5,18,3.6,3,3,0,11,2026-09-10:0|2026-09-11:0|2026-09-12:0|2026-09-13:11|2026-09-14:7
0427,1706,ｅ魔法少女リリカルなのはＨＴＥＺ２,,2026-09-10,2026-09-14,5,69,13.8,1,1,0,41,2026-09-10:0|2026-09-11:20|2026-09-12:41|2026-09-13:5|2026-09-14:3
0428,1745,ｅ魔法少女まどか☆マギカ３ＬＰＭ１,,2026-09-10,2026-09-14,5,68,13.6,0,1,1,47,2026-09-10:1|2026-09-11:3|2026-09-12:2|2026-09-13:47|2026-09-14:15
0429,1466,ｅフィーバーダンベル何キロ持てる２Ｆ,,2026-09-10,2026-09-14,5,6,1.2,1,3,0,2,2026-09-10:1|2026-09-11:1|2026-09-12:0|2026-09-13:2|2026-09-14:2
0430,1616,ｅメイヒテンセイＣＭＰ,,2026-09-10,2026-09-14,5,7,1.4,3,4,0,6,2026-09-10:0|2026-09-11:1|2026-09-12:0|2026-09-13:0|2026-09-14:6
0431,1233,eガールズ＆パンツァー3LAH1,,2026-09-10,2026-09-14,5,6,1.2,4,4,0,6,2026-09-10:0|2026-09-11:0|2026-09-12:0|2026-09-13:6|2026-09-14:0
0432,1625,ｅとある科学の超電磁砲 ＬＴＲＳＹ,,2026-09-10,2026-09-14,5,33,6.6,1,3,0,21,2026-09-10:1|2026-09-11:1|2026-09-12:0|2026-09-13:21|2026-09-14:10
0433,1746,ｅフィーバーもののがたりＦ,,2026-09-10,2026-09-14,5,9,1.8,2,3,0,6,2026-09-10:0|2026-09-11:2|2026-09-12:0|2026-09-13:1|2026-09-14:6
0434,1801,ｅ魔女と野獣ＦＫＺ,NEW,2026-09-10,2026-09-14,5,92,18.4,0,0,10,32,2026-09-10:15|2026-09-11:15|2026-09-12:20|2026-09-13:10|2026-09-14:32
0435,1743,ｅハイスクールオブザデッド３Ｖ１Ａ,,2026-09-10,2026-09-14,5,9,1.8,4,4,0,9,2026-09-10:0|2026-09-11:0|2026-09-12:0|2026-09-13:9|2026-09-14:0
0436,1424,ｅバキ２ＬＢＭ４,,2026-09-10,2026-09-14,5,7,1.4,2,3,0,3,2026-09-10:0|2026-09-11:1|2026-09-12:0|2026-09-13:3|2026-09-14:3
0437,1711,ｅフィーバー炎炎ノ消防隊２ＭＳ,,2026-09-10,2026-09-14,5,20,4.0,1,1,0,9,2026-09-10:0|2026-09-11:9|2026-09-12:5|2026-09-13:3|2026-09-14:3
0438,1710,ｅ甲鉄城のカバネリ２ＧＦＥＡ,,2026-09-10,2026-09-14,5,14,2.8,4,4,0,14,2026-09-10:0|2026-09-11:0|2026-09-12:0|2026-09-13:0|2026-09-14:14
0439,1564,ｅギンパラＶＩＶＡＦＥＳＴＡＨＴＡ２,,2026-09-10,2026-09-14,5,5,1.0,4,4,0,5,2026-09-10:0|2026-09-11:0|2026-09-12:0|2026-09-13:5|2026-09-14:0
0440,1800,ｅｔａｋｔ ｏｐ． ＤｅｓｔｉｎｙＨ６,NEW,2026-09-10,2026-09-14,5,180,36.0,0,0,7,93,2026-09-10:18|2026-09-11:93|2026-09-12:7|2026-09-13:36|2026-09-14:26
0441,1813,ｅ虚構推理ＭＨＪＴ,,2026-09-10,2026-09-14,5,22,4.4,1,2,0,11,2026-09-10:11|2026-09-11:0|2026-09-12:1|2026-09-13:7|2026-09-14:3
0442,1528,ｅエイティシックスＭＡＭ２,,2026-09-10,2026-09-14,5,27,5.4,1,3,0,15,2026-09-10:10|2026-09-11:1|2026-09-12:0|2026-09-13:1|2026-09-14:15
0443,1742,ｅアクセル・ワールドＬＭ２,,2026-09-10,2026-09-14,5,2,0.4,3,5,0,1,2026-09-10:1|2026-09-11:0|2026-09-12:0|2026-09-13:1|2026-09-14:0
0444,1777,eｿﾞﾝ100MA,,2026-09-10,2026-09-14,5,14,2.8,0,1,1,5,2026-09-10:3|2026-09-11:5|2026-09-12:3|2026-09-13:2|2026-09-14:1
0445,1624,ｅ Ｒｅ：ゼロｓｅａｓｏｎ２Ｍ１３,,2026-09-10,2026-09-14,5,45,9.0,0,1,1,28,2026-09-10:28|2026-09-11:1|2026-09-12:2|2026-09-13:12|2026-09-14:2
0446,1617,ｅ／ガンゲイル・オンライン／Ｍ０８,,2026-09-10,2026-09-14,5,40,8.0,3,4,0,39,2026-09-10:0|2026-09-11:39|2026-09-12:0|2026-09-13:0|2026-09-14:1
0447,1712,ｅ／押忍番長漢の頂／Ｌ０９,,2026-09-10,2026-09-14,5,9,1.8,1,4,0,6,2026-09-10:1|2026-09-11:1|2026-09-12:0|2026-09-13:1|2026-09-14:6
0448,1744,ｅフィーバーブルーロックＭＺ,,2026-09-10,2026-09-14,5,24,4.8,1,1,0,9,2026-09-10:4|2026-09-11:8|2026-09-12:3|2026-09-13:0|2026-09-14:9
0449,1168,ｅ黄門ちゃま９ＨＣ３,,2026-09-10,2026-09-14,5,11,2.2,2,4,0,9,2026-09-10:0|2026-09-11:0|2026-09-12:9|2026-09-13:1|2026-09-14:1
0450,1747,ｅ真・一騎当千~軍神覚醒~ＡＭ－ＴＳ,,2026-09-10,2026-09-14,5,64,12.8,0,1,1,46,2026-09-10:1|2026-09-11:4|2026-09-12:3|2026-09-13:10|2026-09-14:46
0451,1357,ｅ地獄少女７５００Ｖｅｒ．ＲＨＺ,,2026-09-10,2026-09-14,5,19,3.8,2,2,0,7,2026-09-10:7|2026-09-11:0|2026-09-12:0|2026-09-13:5|2026-09-14:7
